pocket_id,chain,residue_id,residue_name,center_x,center_y,center_z
1,A,95,HIS,31.997,25.951,20.42
1,A,97,LYS,30.513,29.265,14.568
1,B,95,HIS,32.262,35.592,23.013
1,B,97,LYS,33.433,35.05,15.764
2,B,96,MET,33.15,39.417,17.745
2,B,100,ARG,38.87,42.919,10.278
2,B,114,VAL,38.988,39.563,14.298
2,B,115,ASP,38.908,37.532,18.171
2,B,116,GLN,36.484,41.677,19.588
2,B,296,GLY,41.181,41.062,21.998
3,A,71,HIS,29.953,24.585,4.411
3,A,72,SER,31.898,21.952,8.454
3,A,96,MET,31.015,25.161,13.907
3,A,100,ARG,25.416,25.928,5.746
3,A,114,VAL,25.173,26.727,10.752
3,A,116,GLN,27.771,22.396,14.523
